{"cameraMode":{"drawMode":0,"name":"Shaded","section":"Shading Mode"},"sceneLighting":true,"audioPlay":false,"sceneViewState":{"showFog":true,"showMaterialUpdate":false,"showSkybox":true,"showFlares":true,"showImageEffects":true,"showParticleSystems":true},"in2DMode":false,"pivot":{"x":18.67059898376465,"y":3.6814239025115969,"z":38.632205963134769},"rotation":{"x":0.12335769087076187,"y":-0.5718141198158264,"z":0.08748436719179154,"w":0.8063601851463318},"size":5.099019527435303,"orthographic":false}