{"cameraMode":{"drawMode":0,"name":"Shaded","section":"Shading Mode"},"sceneLighting":true,"audioPlay":false,"sceneViewState":{"showFog":true,"showMaterialUpdate":false,"showSkybox":true,"showFlares":true,"showImageEffects":true,"showParticleSystems":true},"in2DMode":false,"pivot":{"x":6.034721374511719,"y":4.537972927093506,"z":-0.6220512986183167},"rotation":{"x":0.15741632878780366,"y":-0.35855093598365786,"z":0.06148185580968857,"w":0.9181011319160461},"size":5.107395172119141,"orthographic":false}