{"cameraMode":{"drawMode":0,"name":"Shaded","section":"Shading Mode"},"sceneLighting":true,"audioPlay":false,"sceneViewState":{"showFog":true,"showMaterialUpdate":false,"showSkybox":true,"showFlares":true,"showImageEffects":true,"showParticleSystems":true},"in2DMode":false,"pivot":{"x":4.408610820770264,"y":4.321423530578613,"z":-4.217455863952637},"rotation":{"x":0.2013052999973297,"y":-0.03410959616303444,"z":0.007012175861746073,"w":0.9789420366287231},"size":5.099019527435303,"orthographic":false}